{
  "protection_settings": {
    "daily_limit": 50,
    "hourly_limit": 10,
    "cache_duration_minutes": 60,
    "max_results_per_query": 10,
    "cost_per_query": 0.005,
    "enable_emergency_stop": true,
    "enable_caching": true,
    "enable_rate_limiting": true
  },
  "alerts": {
    "daily_warning_threshold": 40,
    "hourly_warning_threshold": 8,
    "cost_warning_threshold": 0.20
  },
  "description": "API Protection Configuration - Adjust these values to control costs"
}
